year,layer,country,DE,SR,betweenness,katz,ppr,leontief,debtrank,pivi,z_DE,z_SR,z_betweenness,z_katz,z_ppr,z_leontief,z_debtrank,z_pivi,composite_z,composite_01,rank
2024,ammonia,IND,0.4454325300125568,443946814.087,0.0184178743961352,3.3781311074727096,0.1039401617614762,0.9434918547382468,0.4454325300125568,0.243460428484951,4.26232910090558,12.62751520937594,1.5818147389832347,0.9639079549408559,8.646855701692793,3.7586777697759834,3.6946356758966443,3.0635301134178903,4.824908283123614,0.9999999999998087,1
2024,ammonia,KOR,0.4262444866099963,208465235.0,0.0178836863619472,4.898452643209547,0.0375127250165289,0.7264039463842831,0.4262444866099963,0.0178373010716288,4.06863063461454,5.865644211503212,1.5271846607277755,1.7915170390876523,2.9300618948708945,2.7437997346734218,3.5187088224812606,-0.11137017938025169,2.7917721023223137,0.6111882648465176,2
2024,ammonia,OMN,0.7064248422749448,215357.608,0.0,1.7204612342568917,0.0021178181328787,0.9489485833748812,0.7064248422749448,0.1287439680823641,6.896980771134283,-0.11426645372663159,-0.3017353504333675,0.06153131069699562,-0.11604968764294253,3.7841877766613305,6.08756106691385,1.4492748378329008,2.2184355339295525,0.501544853800748,3
2024,ammonia,PAK,0.7637408545957658,144630.946,0.0,1.4038932910397932,0.0010780000002954,0.773669320257432,0.7637408545957658,5.839565124487411e-05,7.475571482419619,-0.11629737506837041,-0.3017353504333675,-0.11079704182427547,-0.20553719689905534,2.9647636295696596,6.61306674179542,-0.36154955005000894,1.9946856674387028,0.45875550468969273,4
2024,ammonia,ZAF,0.2558930517958734,15768433.468,0.0070837978446674,2.8307516935074317,0.0014030280928017,0.9426997528059048,0.2558930517958734,0.4362365083022029,2.348975797395933,0.332341272419937,0.4227069916499426,0.6659340298046474,-0.17756504145645524,3.754974722200503,1.9568303509303098,5.776216703986496,1.8850518533664142,0.4377894160019592,5
2024,ammonia,CHN,0.2344906764580414,47720367.0,0.0225055741360089,5.166652168034483,0.0397928597651107,0.4994458542354465,0.2344906764580414,0.0085605832540285,2.132924207822707,1.2498434121357795,1.9998535986772157,1.9375153413490187,3.126291959557281,1.6827789511709417,1.7606012477431994,-0.24190934197837577,1.7059874220597209,0.40354559461014605,6
2024,ammonia,YEM,0.1194116237271888,9156.773,0.0,3.463802703426703,0.0011136928089931,0.933410508336208,0.1194116237271888,0.4532623267280716,0.9712301492603114,-0.12018752598769582,-0.3017353504333675,1.010544531084938,-0.20246544766846938,3.711547843907394,0.7054912911824219,6.015798862629275,1.4737780442468509,0.3591384703068913,7
2024,ammonia,MAR,0.2845866323018067,62919000.189,0.0,3.329839347875166,0.0082743481999882,0.6135096694754993,0.2845866323018067,0.1074514132716145,2.638630267098462,1.6862732907125475,-0.3017353504333675,0.9376196350079343,0.41378579425741085,2.2160231173931213,2.219909354126447,1.1496524574586195,1.3700198207026468,0.3392960144430911,8
2024,ammonia,DEU,0.0,0.0,0.097918989223337,2.945892521704077,0.008977271246242,0.1396183796560365,9.37630289019414e-05,9.37630289019414e-05,-0.2342001224990684,-0.12045046340311008,9.712195515872331,0.7286126100469152,0.4742798659002062,0.0005986623377303988,-0.38848245843415297,-0.36105187102673564,1.2264377173492647,0.3118377422088203,9
2024,ammonia,NAM,0.0,0.0,0.0044593088071348,3.320394532235873,0.001131096094654,0.913161364109004,0.2558760964874332,0.2558760964874332,-0.2342001224990684,-0.12045046340311008,0.15430704196005154,0.9324782125933778,-0.2009677081716619,3.6168838349276506,1.956674895056045,3.238239632022133,1.1678706653106772,0.3006375297779139,10
2024,ammonia,TUR,0.08879130224147,32305349.0,0.0180694908955778,1.5408678694113631,0.0452056623364722,0.3091425084787542,0.08879130224147,0.1331136010378465,0.6621257145512018,0.8072000276722497,1.5461864270774994,-0.03623294291966648,3.5921217090374573,0.7931177670017735,0.42474683503682387,1.5107629889317333,1.162503565798634,0.29961113946834034,11
2024,ammonia,ESP,0.0,0.0,0.013052768487551,2.662996549114153,0.0604564843133118,0.2740931675273758,0.1228313695256517,0.1228313695256517,-0.2342001224990684,-0.12045046340311008,1.0331387356348878,0.5746140832349588,4.904618606379677,0.6292633794125019,0.7368454582114464,1.366074542259852,1.111238027403893,0.28980724973136707,12
2024,ammonia,MWI,0.0,0.0,0.0,3.3203378458121664,9.893196242669012e-07,0.9132219596344756,0.2558930517958734,0.2558930517958734,-0.2342001224990684,-0.12045046340311008,-0.3017353504333675,0.9324473545162509,-0.29822552405492886,3.6171671167939374,1.9568303509303098,3.23847822198562,1.0987889479794553,0.28742651979414807,13
2024,ammonia,ARM,0.4469046059725773,7895.2,0.0,1.3313467774375094,6.045488107182292e-05,0.4711501616794508,0.4469046059725773,0.0112177545014379,4.277189337029594,-0.12022375214990126,-0.3017353504333675,-0.1502887889771764,-0.2931078743297431,1.5504976229254628,3.708132502342236,-0.2045184332176776,1.0582431578986784,0.2796726471596771,14
2024,ammonia,MYS,0.0,0.0,0.0076179858788554,4.173181306909147,0.0489475138777776,0.3485364189497468,0.1126939746390648,0.1126939746390648,-0.2342001224990684,-0.12045046340311008,0.4773370699054019,1.3967050652491146,3.914148190346911,0.9772828582634178,0.6439000782782093,1.2234241927029355,1.0347683586054763,0.27518338690659955,15
2024,ammonia,DOM,0.0,0.0,0.0022528799702712,3.735254013347189,0.003202991927848,0.6230413519643888,0.2520740273819805,0.2520740273819805,-0.2342001224990684,-0.12045046340311008,-0.07133893344294505,1.1583129897385611,-0.02265883689815917,2.260583384562737,1.9218153713330124,3.184738067468304,1.0096001821074165,0.27037028955126247,16
2024,ammonia,BFA,0.0,0.0,0.0,3.489499298013073,4.1533579840722966e-05,0.60687051447001,0.2730093652414349,0.2730093652414349,-0.2342001224990684,-0.12045046340311008,-0.3017353504333675,1.0245328451431281,-0.2947362553571533,2.18498531046135,2.1137624103057453,3.4793337991285913,0.9814365216682644,0.2649843435497019,17
2024,ammonia,NGA,0.0,0.0,0.0,3.6022339947707245,0.0053348885513531,0.5633453976615164,0.2540672166933981,0.2540672166933981,-0.2342001224990684,-0.12045046340311008,-0.3017353504333675,1.0859016128294638,0.16081374628811743,1.9815069806034316,1.940090060234961,3.212785623589753,0.9655890109012726,0.2619537063413541,18
2024,ammonia,ZWE,0.0,0.0,0.0,4.111165789402237,0.00029022540145,0.7428656504036439,0.2214713185152691,0.2214713185152691,-0.2342001224990684,-0.12045046340311008,-0.3017353504333675,1.3629460185998752,-0.2733336552381398,2.820757599145397,1.6412323976573762,2.7541060198797234,0.9561653054635857,0.2601515411458302,19
2024,ammonia,EGY,0.3783969835164066,9167.079,0.0,2.2261816197659896,1.3623986729431447e-05,0.4630185141189121,0.3783969835164066,0.0,3.585622139655258,-0.12018723005014192,-0.3017353504333675,0.33682753932188375,-0.2971381753599101,1.512482467862427,3.080015804832843,-0.36237127596242324,0.9291894899833212,0.2549927555597496,20
2024,lpg_butane,IND,0.9801024236251152,7538056483.214001,0.0061780007432181,1.5132587006661065,0.0991566686330408,1.0102421298016933,0.9801024236251152,0.0039596311813558,6.837912598397927,13.46531635093199,0.1750350886785579,-0.12368014280597416,5.935038119446555,4.7707599465350405,6.025098037058255,-0.18481886102906595,4.612582642151661,0.9999999999997979,1
2024,lpg_butane,CHN,0.6063072898237634,2343331902.0,0.0351867335562987,2.4904874593262627,0.1490064766289399,0.7834884387859921,0.6063072898237634,0.0713543760864648,4.143698322190229,4.113484697604723,2.3834164860593243,0.34088877565940473,9.041286770252315,3.5987495258210838,3.6156838693992324,0.6727044400738951,3.488739110882526,0.7729187485591382,2
2024,lpg_butane,HKG,0.0,0.0,0.0,2.8954311621928643,0.1156076629606262,0.75812036962377,0.6024631788240564,0.6024631788240564,-0.22640071949524693,-0.10511151722170695,-0.29528472853784027,0.533396677635226,6.960134925008558,3.4676308601079078,3.5909054422149183,7.430474269303643,2.6694681511269325,0.6073787337492492,3
2024,lpg_butane,THA,0.8087744234974826,218454979.045,0.0117985878855444,1.8048691073208456,0.0044207381268264,0.9792500919429457,0.8087744234974826,0.1172897170818254,5.6030266886651106,0.288163266825177,0.602920035168669,0.014949763479821103,0.03183872614166973,4.610572956118649,4.920749495582641,1.2571806526197444,2.166175198075185,0.5056845116975439,4
2024,lpg_butane,MYS,0.5880593529657616,125709233.45,0.0387402452619843,1.7988538770807727,0.0088606593085606,0.8521889903948934,0.5880593529657616,0.2129427440222905,4.01217212629199,0.1211972254486269,2.6539387869394333,0.012090157699509921,0.3084997552389198,3.9538386184562024,3.4980610497838702,2.4742592176913667,2.1292571171937396,0.49822492878044605,5
2024,lpg_butane,PHL,0.8143389996921779,199900857.0,0.0,2.624047893768513,0.0172308843608778,0.9602647856740992,0.8143389996921779,0.0397866733840128,5.643134649601705,0.2547611060123361,-0.29528472853784027,0.40438263626137294,0.830066463737371,4.5124445565858124,4.956617722608952,0.27104047253818,2.072145359850986,0.4866850578210767,6
2024,lpg_butane,SGP,0.813755970507492,181222366.86,0.005109624674842,3.0120370587822576,0.0016601982710815,0.9463630199926611,0.813755970507492,0.0005943673689392,5.638932332849071,0.2211350508487356,0.09370158645316289,0.5888304486792678,-0.14017644396908646,4.440591198115714,4.952859624520689,-0.2276381066181542,1.9460294613599247,0.46120236805235737,7
2024,lpg_butane,MAC,0.0,0.0,0.0,2.984351792472661,8.971963057470901e-05,0.7486885752215614,0.6063072898237634,0.6063072898237634,-0.22640071949524693,-0.10511151722170695,-0.29528472853784027,0.5756690326721197,-0.23803634261894277,3.418881217815846,3.6156838693992324,7.479386313691023,1.7780983907130605,0.4272706003131279,8
2024,lpg_butane,MWI,0.0,0.0,0.0,2.984351792472662,1.175055384070582e-07,0.7486885752215612,0.6063072898237634,0.6063072898237634,-0.22640071949524693,-0.10511151722170695,-0.29528472853784027,0.5756690326721201,-0.24361964356217283,3.418881217815845,3.6156838693992324,7.479386313691023,1.7774004780951569,0.42712958168708237,9
2024,lpg_butane,OMN,0.3907856383133574,351240.571,0.0043431809736157,2.216854829612255,0.0582089481829486,0.7704184591462039,0.3907856383133574,0.1777032243745735,2.590276520183088,-0.10447919444145998,0.03535363920451238,0.21080540089527536,3.3834976719460577,3.531195378112457,2.2264712402631694,2.025875456314415,1.7373745140596892,0.41904202701385423,10
2024,lpg_butane,USA,0.0002110728421546,144724.0,0.1025873281308064,5.746336616675505,0.0312931260175728,0.1131308411750653,0.0002110728421546,0.0047551445766207,-0.2248793635084275,-0.10485097704040636,7.514499604713447,1.8887006961661024,1.7063149575531704,0.1339058600552324,-0.2911000346847095,-0.17469683632610622,1.3059867383660377,0.33187680050755175,11
2024,lpg_butane,IDN,0.365825958458761,698786174.9999999,0.0,3.9546181119740265,0.0133759441661991,0.4699911842113896,0.365825958458761,0.0200719091909852,2.410373895154361,1.1528821584979174,-0.29528472853784027,1.0369280476975762,0.5898568569191727,1.9783920022859607,2.0655857689882606,0.020191987317637224,1.119865748540381,0.29426961933593804,12
2024,lpg_butane,KOR,0.1259231995724638,172850387.0,0.0582729468599033,5.402954632429826,0.0083822909543778,0.261031047672876,0.1259231995724638,0.0068571907304736,0.6812196621392027,0.2060633478100599,4.140927381973243,1.7254588803396533,0.2786915951976467,0.8983502334399968,0.5192170395646345,-0.14795063290237198,1.037747188445258,0.2776769310532132,13
2024,lpg_butane,CAN,0.000485339259015,63658.281,0.0532562244518766,5.738034253108189,0.0312239515065107,0.1132957186284601,0.000485339259015,0.004766380097588,-0.2229025253182805,-0.10499691604931657,3.7590135454366207,1.88475380038659,1.702004545130429,0.13475805387247036,-0.28933216418362456,-0.1745538767965011,0.8360930578097985,0.23693115900506465,14
2024,lpg_butane,DEU,0.0,0.0,0.0706986250464511,3.949359509835408,0.0184351262697722,0.0612959427318849,0.0027450148706345,0.0027450148706345,-0.22640071949524693,-0.10511151722170695,5.086871375246834,1.0344281385549847,0.9051053646907048,-0.13401057764390287,-0.2747667139125598,-0.2002735050047904,0.7607302306517897,0.22170351865568183,15
2024,lpg_butane,GBR,0.000585893687648,153669.584,0.0627554812337421,1.4392099102794127,0.024434584944349,0.0169638448266657,0.000585893687648,0.0046381597956514,-0.22217775617962468,-0.10483487270334271,4.482174467397178,-0.1588825108889413,1.2789445260171066,-0.3631476668100966,-0.28868400896954954,-0.17618533777672893,0.5559008550107502,0.18031616386986918,16
2024,lpg_butane,NZL,0.0,0.0,0.0,5.206580857079377,0.0001181216940674,0.3000430697845005,0.1589945517303669,0.1589945517303669,-0.22640071949524693,-0.10511151722170695,-0.29528472853784027,1.632103919568132,-0.23626654901388958,1.0999897138962653,0.7323888474010591,1.7878283689976924,0.5486559169493082,0.1788522682689002,17
2024,lpg_butane,ARM,0.2741947909409202,3339240.7300000004,0.0,0.8549957068313621,0.023676778758098,0.2620160007476575,0.2741947909409202,0.0,1.7499212103868182,-0.09910003063205686,-0.29528472853784027,-0.4366145754058424,1.231723994218708,0.9034411109573036,1.474948242567299,-0.23520077146684906,0.5367293065109425,0.17644240466383868,18
2024,lpg_butane,BEL,0.0,0.0,0.0534188034188034,3.1640343879131843,0.0189324817431664,0.040376164589627,0.0001472331045866,0.0001472331045866,-0.22640071949524693,-0.10511151722170695,3.7713903827317896,0.6610891027336124,0.9360966529285388,-0.24213758484685327,-0.2915115338034694,-0.2333273936826538,0.5337609236680013,0.17584262002124804,19
2024,lpg_butane,EGY,0.1568126276992107,195710000.00000003,0.0,5.285524485151521,0.0059769623850309,0.2699204844270557,0.1568126276992107,0.0001779739551404,0.9038623097216633,0.24721649252331662,-0.29528472853784027,1.6696332652696366,0.1288104036012217,0.9442966189806618,0.7183245694101711,-0.23293625049066277,0.510490335059771,0.171140618153648,20
2024,lpg_propane,IND,0.9647173017454888,6962056039.378,0.0042038275733927,1.5064939819417922,0.1126713192200008,1.0565116907366174,0.9647173017454888,0.0245247394965628,5.557688163831289,11.21476494296388,0.15730291987645498,-0.13629659812194028,6.0458722315065385,4.961114359480764,5.146896579965196,0.17529249803281582,4.1403293871918745,0.9999999999997746,1
2024,lpg_propane,CHN,0.2811219456477493,5269110944.0,0.0555323299888517,4.297958274659603,0.2048983069267415,0.4136970799455768,0.2811219456477493,0.0702763335741013,1.4657445026492035,8.459870305131421,4.801078180506682,1.0691041497318439,11.168971005814077,1.6950652047955876,1.318287272561487,0.8092141240124001,3.8484168431503374,0.9342250808898257,2
2024,lpg_propane,MMR,0.0,0.0,0.0,2.153422027806317,0.0176495717082873,0.9528031804233272,0.9024182958014346,0.9024182958014344,-0.21702755431604154,-0.1144452621013316,-0.22302437522492602,0.14305770074084528,0.767527895272295,4.434186242483611,4.797978829322517,12.339146498542984,2.7409249968399942,0.684680523477365,3
2024,lpg_propane,THA,0.9110890747655636,664674001.6320001,0.0016490152359717,1.3405858925729497,0.0099072016629557,0.9693842261419806,0.9110890747655636,0.0372337722538831,5.236674158259894,0.9671650322914649,-0.0738352152680327,-0.2079384727903374,0.33744850662741693,4.518432165715757,4.84654122043355,0.3513853943042398,1.9969840986967442,0.517052741126935,4
2024,lpg_propane,PHL,0.8955911761268888,189667178.0,0.0,2.9091062730894564,0.0030518129941041,1.0910853788041155,0.8955911761268888,2.2121263618034368e-05,5.143905055119439,0.19419622489760022,-0.22302437522492602,0.4693747368505031,-0.043360128242791576,5.136778326652019,4.759742212154819,-0.16420910631917487,1.909175368235936,0.4972673216199709,5
2024,lpg_propane,YEM,1.0,12230.4,0.0,0.8889092969951053,5.2639895777558084e-08,0.9934868613474676,1.0,0.0,5.768887394756586,-0.11442535982365554,-0.22302437522492602,-0.40297994529561487,-0.21288176305795867,4.640894210008269,5.344504222735994,-0.16451561252260247,1.8295573464470112,0.4793274658318088,6
2024,lpg_propane,OMN,0.9996575505406856,508665.798,0.0,0.8896680103089034,3.566930998781105e-06,0.9931583656210158,0.9996575505406856,0.0,5.766837521418775,-0.11361752073914286,-0.22302437522492602,-0.4026523202572991,-0.21268654839368265,4.639225170176745,5.342586267654013,-0.16451561252260247,1.8290190727639848,0.47920617982104036,7
2024,lpg_propane,MYS,0.8468727384508404,108958664.371,0.0001393534002229,1.5300002871248144,0.0060470535000084,0.8784413271445505,0.8468727384508404,0.0030468151311828,4.8522806307389175,0.06286092522899803,-0.210416840580687,-0.1261461842617983,0.12302189665156682,4.05636429512137,4.486885086568938,-0.12229977193909737,1.640318754691026,0.4366874583388132,8
2024,lpg_propane,USA,0.0,0.0,0.1067447045707915,5.88725018362782,0.0321098541177751,0.0892354392810237,0.0040426279374556,0.0040426279374556,-0.21702755431604154,-0.1144452621013316,9.434347162266699,1.7553868511175998,1.5707792746163627,0.04652198653213828,-0.23354956367796836,-0.10850206092920574,1.5166888541885315,0.4088306674228136,9
2024,lpg_propane,IDN,0.3801891304136786,714725055.0,0.0,4.181651622896431,0.0139754879492432,0.4979269725769497,0.3801891304136786,0.0194469505015723,2.05875224490212,1.0486120791672422,-0.22302437522492602,1.0188810014789962,0.5634369402200317,2.1230252495888835,1.8731323900272785,0.10493603677749246,1.0709689458671396,0.3083992487875055,10
2024,lpg_propane,NGA,0.5685828111212298,21156.59,0.0,2.963342883071444,2.179628666411115e-06,0.5988345457856714,0.5685828111212298,0.0011006637508505,3.186460794560266,-0.11441083441876532,-0.22302437522492602,0.49279500785446784,-0.21276361137768857,2.635722205518547,2.9282679947077828,-0.14926511538334572,1.0679727582795422,0.3077241356406569,11
2024,lpg_propane,PAK,0.2346275481258515,55429.747,0.0,3.8257907458052713,0.0021711944007954,0.5439631678208058,0.2346275481258515,0.2118945343061637,1.1874329934747503,-0.1143550624172405,-0.22302437522492602,0.8652143511490541,-0.09227743702834669,2.3569285772934148,1.0578863182445672,2.771437340196394,0.9761553382109585,0.28703546192255885,12
2024,lpg_propane,NLD,0.0,0.0,0.0700483091787439,5.42519724781701,0.0073538152560271,0.0762866302131717,0.0002073649374478,0.0002073649374478,-0.21702755431604154,-0.1144452621013316,6.114363039282194,1.5558647021768646,0.19561094804570736,-0.019269061462546214,-0.25502970318914353,-0.16164242043020716,0.887303086000687,0.2670149118600175,13
2024,lpg_propane,ARG,0.0,0.0,0.0017651430694908,4.910388320988487,0.0022997617002752,0.3646947694479192,0.240778899841531,0.240778899841531,-0.21702755431604154,-0.1144452621013316,-0.063328936397832,1.3335616381470794,-0.08513567743325529,1.4460914694575768,1.0923381649718542,3.171651241695361,0.8204631355029264,0.2519542629532079,14
2024,lpg_propane,SGP,8.183525475782319e-06,12.822,0.0,4.649196072341387,0.0163108383207129,0.3879149692806453,8.183525475782319e-06,0.2705103280741269,-0.21697856842855995,-0.11444524123635545,-0.22302437522492602,1.2207744774177938,0.6931628580142721,1.5640699857547873,-0.25614525758976303,3.58360181320901,0.7813769614895324,0.24314720759870223,15
2024,lpg_propane,AUS,0.0001265936095425,26017.65,0.0070373467112597,6.079066157400935,0.0787356756824321,0.098500332274476,0.0001265936095425,0.0073773128782317,-0.21626977573622402,-0.11440292411608347,0.4136561243094389,1.8382161815301696,4.160787852891959,0.09359558352501983,-0.2554820787868288,-0.06229757467231614,0.7322254236181418,0.23207218361083182,16
2024,lpg_propane,KAZ,0.0,0.0,0.0035070605722779,3.906438094929888,0.0004020122046236,0.3246208148567972,0.2220376028569206,0.2220376028569206,-0.21702755431604154,-0.1144452621013316,0.09426524665523273,0.9000392189436517,-0.19055339037027744,1.242481434277819,0.9873738707763895,2.911976935324401,0.7017638123987304,0.22520844974665638,17
2024,lpg_propane,GBR,0.0,0.0,0.0610367892976588,2.848372889883002,0.0108905501585374,0.032605688433885,0.0011148815237024,0.0011148815237024,-0.21702755431604154,-0.1144452621013316,5.299075798954354,0.44314905102398866,0.39207233851977713,-0.24120568296922107,-0.24994697929734927,-0.14906811779526583,0.6453254490023639,0.2124915286589292,18
2024,lpg_propane,KOR,0.0266293104173809,103876001.0,0.010358602749907,5.987502756547391,0.0463208727108973,0.1266131533789451,0.0266293104173809,0.0079570598879913,-0.05762676700514576,0.054590011951949916,0.7141356999972729,1.7986775808922086,2.3601843473222646,0.2364328091616258,-0.10704843695929862,-0.05426475801327788,0.6181350609184499,0.20636488006744874,19
2024,lpg_propane,JPN,0.037174614414136,192369644.009,0.0,5.994375872918817,0.0424026635242031,0.1251158826468579,0.037174614414136,1.0746513903194696e-05,0.005496525831545905,0.19859389209746664,-0.22302437522492602,1.8016455069501618,2.1425325169744927,0.22882539058902918,-0.04798740228251316,-0.16436671175303408,0.49271441789777787,0.17810459177977364,20
2024,urea,USA,0.3107624684573593,580415840.0,0.0952480490523968,3.752480042312517,0.0953329194378405,0.7719330520177958,0.3107624684573593,0.0580854563808479,1.917444965790896,5.470537216631219,5.715845723041698,0.22527321898223088,8.003227398748919,0.9581226159915821,1.4339863294573887,0.16178657290228096,2.9857780051932767,0.999999999999706,1
2024,urea,IND,0.3030610514697296,663777955.219,0.0042038275733927,5.454464755865445,0.0647697377184731,1.3931841880240723,0.3030610514697296,0.4178767254472315,1.8623296363152273,6.283877144519638,-0.017609318373314423,0.7062564694450169,5.329501980302982,2.2883565152249994,1.3893117864906814,3.065643313865086,2.6134584409737895,0.8905338266386064,2
2024,urea,AUS,0.5437847158500616,790383660.365,0.0023225566703827,5.551976645693452,0.0392955996429024,1.3940978477975263,0.5437847158500616,0.1515400162325203,3.5850728790487745,7.519132210003393,-0.136081221014796,0.7338134653185792,3.100975804231005,2.2903128596605646,2.7857067232583246,0.9160534963414927,2.5993732771059177,0.8863926287592734,3
2024,urea,THA,0.5860808613369018,569158212.803,0.0023922333704942,7.160035947637569,0.0222369403564529,1.5713262541312465,0.5860808613369018,0.1791780729782942,3.8877660065345925,5.360699820248602,-0.13169337276881402,1.1882532636475596,1.608651760301822,2.669797451878433,3.031059100867931,1.1391188241816748,2.344206606861475,0.8113707345445328,4
2024,urea,YEM,0.0,0.0,0.0,8.161585683183377,2.3119781150906183e-08,2.1036441012273426,0.9945341948606088,0.9945341948606088,-0.3065322406388935,-0.19241142869418548,-0.28234282921415493,1.471292613805616,-0.3366761636522427,3.8096058229765646,5.400423859029906,7.719815951594178,2.1603969481508485,0.7573286107897884,5
2024,urea,MMR,0.0,0.0,0.0,8.01774284623334,0.0001150549848399,2.0162444595737075,0.9393073730904176,0.9393073730904176,-0.3065322406388935,-0.19241142869418548,-0.28234282921415493,1.4306424277486622,-0.3266129567399884,3.622464167420149,5.0800629402470285,7.274083126849807,2.037419150872303,0.721171744027548,6
2024,urea,OMN,0.9945341948606088,4065963.583,0.0049005945745076,6.101083472506407,0.0017690793339589,1.63763707049625,0.9945341948606088,9.65221990668815e-07,6.810869649507592,-0.15274100384104522,0.02626916408649892,0.8889918193359098,-0.18191575258190318,2.811783342450194,5.400423859029906,-0.3070103538122514,1.9120838405218625,0.6843217416919188,7
2024,urea,ZAF,0.5830380866651204,189868070.61800003,0.0139817911557042,5.192425908795555,0.0044987563313763,1.3640019532499867,0.5830380866651204,0.1969501878220691,3.865990334755642,1.660076148655102,0.5981520521460076,0.632203926312539,0.05688159643615406,2.2258709989788215,3.0134085090312785,1.2825566447385126,1.6668925263817571,0.6122327152756922,8
2024,urea,BRA,0.2089963261893002,616906457.0,0.0181159420289855,3.6489466299453728,0.0273566937348217,0.7934756695108636,0.2089963261893002,0.2050526143525365,1.1891537345043566,5.826565560218875,0.8584977147408726,0.19601453245272676,2.0565375488172477,1.0042500488550739,0.8436591334864393,1.3479509105852265,1.6653286479576022,0.6117729172872274,9
2024,urea,NZL,0.5836833679968183,111925227.276,0.0024386845039018,7.567496964028168,0.019446176076949,1.4173136690037875,0.5836833679968183,0.0481514025445724,3.8706083022359326,0.8996104812873931,-0.12876814060483022,1.3034023143645337,1.3645103793580917,2.3400229858514625,3.017151670663074,0.08160933771697249,1.5935184163590788,0.5906598949894504,10
2024,urea,PRY,0.0,0.0,0.0,8.644133457789847,0.0237780429046409,1.624477614889471,0.4987786891732296,0.4987786891732295,-0.3065322406388935,-0.19241142869418548,-0.28234282921415493,1.6076612869703095,1.7434703499812785,2.783606083803833,2.524634809380079,3.71859888261048,1.4495856142748433,0.5483420192196626,11
2024,urea,MWI,0.7923380712717062,22707615.81,0.0,4.4419482617769726,0.0006241193934754,1.3114276775945664,0.7923380712717062,0.0338890340186652,5.363849446835074,0.02914017849456602,-0.28234282921415493,0.4201178980490213,-0.2820790315259006,2.1132980318627084,4.227520297843269,-0.03350150166921031,1.4445003113344215,0.5468468824963564,12
2024,urea,BOL,0.5903834519316643,819712.0,0.0045986622073578,7.199226115865828,0.0093466989465152,1.4019270199130869,0.5903834519316643,0.0680430115724665,3.918557573672192,-0.18441373697033972,0.00725515502057919,1.1993284597703626,0.4809888610620187,2.307076821201146,3.0560176596244055,0.24215348631216643,1.3783705349615663,0.5274039784417786,13
2024,urea,TUR,0.0039941079846265,3542449.9999999995,0.0374860646599777,9.31496179570784,0.0163732089468309,1.4950823432788465,0.0039941079846265,0.5583832155970596,-0.27794833486055653,-0.1578487737042166,2.078319527123556,1.7972383095516644,1.0956813549035107,2.506542644043412,-0.3455220808492574,4.199663935403075,1.3620158227013985,0.5225955076022312,14
2024,urea,MYS,0.1762305807846881,11112315.998,0.0382989594946116,6.033269639130637,0.0461573098109112,1.0116945906170698,0.1762305807846881,0.1249820328936715,0.9546650869747154,-0.08399179144358611,2.129511089993329,0.8698275355772558,3.7012512944816907,1.4715042549008002,0.6535909027613993,0.7017053851574364,1.2997579698003803,0.5042909929495036,15
2024,urea,FJI,0.0,0.0,0.0,9.338636598908153,0.0157242352911757,1.6022233560498689,0.4381537577753336,0.4381537577753336,-0.3065322406388935,-0.19241142869418548,-0.28234282921415493,1.8039288419087867,1.0389079019639718,2.7359548719266855,2.1729604218044787,3.22929819400009,1.2749704666320976,0.4970031859692386,16
2024,urea,ZWE,0.4522334587785821,21729506.195,0.0,5.001925153652421,0.0044359594932872,1.5024839848176113,0.4522334587785821,0.2006365148094445,2.9298846577758377,0.019597047281530906,-0.28234282921415493,0.5783681475921266,0.051388009291381605,2.5223911695658496,2.254634249937451,1.312308799368224,1.173278656449781,0.467104640760749,17
2024,urea,NLD,2.711668058674637e-06,336.10799999999995,0.1383779264214046,5.387180862938193,0.0123263898607195,0.2769044388319772,2.711668058674637e-06,0.0062176338453259,-0.30651283453755884,-0.19240814938612374,8.43192378730386,0.6872419475951804,0.7416579042778945,-0.10184138919879193,-0.3686754572380546,-0.25683594259030146,1.0793187332782632,0.4394793580000892,18
2024,urea,CAN,0.0378487069787863,20298266.752,0.0203920475659606,4.879894760653878,0.0621750378397107,0.7318552748780003,0.0378487069787863,0.177604440638561,-0.03566728699275941,0.005632860044888405,1.0018340907762477,0.543882188574807,5.102512687015843,0.8723073720952079,-0.14913760513334945,1.1264181188827695,1.058472803157957,0.4333504181867691,19
2024,urea,MUS,0.2159629278487387,744522.6780000001,0.0,7.705750237037817,0.0004248001025992,1.4242244559199573,0.2159629278487387,0.3355148560269462,1.2390103448401477,-0.18514733733032102,-0.28234282921415493,1.3424728818671554,-0.2995158631783005,2.354820484791046,0.8840711441159675,2.400904921699527,0.9317842184488835,0.39610253784583604,20
2024,wheat,NGA,0.0363194216419912,40075709.813,0.0,5.02464676758799,0.0345057996637664,0.0364849054058652,0.0363194216419912,4.000144466440166e-05,10.640141202634688,13.519627401404556,-0.27169835943007464,0.9371446192646679,2.5669255094539354,10.61866837066149,10.60685228128667,0.041362713320922104,6.082377967324606,0.999999999999842,1
2024,wheat,OMN,0.0313154733379996,9916582.559,0.0025315867707172,1.4776659699798804,0.0076996601730379,0.0313668907786871,0.0313154733379996,3.0256703682245976e-07,9.159225884849098,3.271938300497331,-0.12195856623512619,-0.34152676508572216,0.3476832805810547,9.110865519777716,9.129618246643812,-0.10045411887475887,3.8069239727691757,0.6405823493092098,2
2024,wheat,MLT,0.0,0.0,0.0,2.992325579329164,0.0018875383656061,0.0039076085643754,0.003866892137201,0.003866892137201,-0.10856853120360162,-0.09759073634284685,-0.27169835943007464,0.20450153617046424,-0.13349403176065192,1.021169217211726,1.0264213530761717,13.712215583923111,1.9191195039555373,0.34239559239486494,3
2024,wheat,ITA,0.0,0.0,0.1151059085841694,4.826620137964453,0.0517822466907059,0.0003530079171367,0.0002661408645772,0.0002661408645772,-0.10856853120360162,-0.09759073634284685,6.536654072443007,0.8657568675154277,3.9972180295809174,-0.02604095706144638,-0.0365697105925763,0.8492035915305959,1.4975078282336844,0.27580023236813095,4
2024,wheat,FRA,0.0,0.0,0.1427211073950204,5.284038167668119,0.0181933367069711,0.0001330589056545,9.418081222687024e-06,9.418081222687029e-06,-0.10856853120360162,-0.09759073634284685,8.170054201881486,1.0306541079127904,1.216439861822141,-0.09083947186068686,-0.11235779032493796,-0.06789064547378719,1.2424876245513197,0.23551870494306426,5
2024,wheat,TUR,0.0057899249254287,7863646.0,0.0114269788182831,1.5683053652903016,0.0332321361663989,0.005810703636947,0.0057899249254287,3.731242937841962e-08,1.604956067772816,2.5743764836934964,0.4041913493030848,-0.30885165132237336,2.4614807168641812,1.5818343158787973,1.5941269551180743,-0.10140169146121632,1.2263390682308575,0.23296797168779584,6
2024,wheat,NLD,3.779142064869086e-06,3977.602,0.0470549981419546,5.264258963635228,0.0742607964865557,0.0001049166312312,3.779142064869086e-06,5.047706545187793e-06,-0.10745009651324158,-0.0962391976089884,2.511538530597135,1.0235237895814535,5.858185251960168,-0.09913038243770515,-0.11402248235154508,-0.0835029934621995,1.1116128024706347,0.21484646933674317,7
2024,wheat,GBR,0.0,0.0,0.0130295429208472,5.6922913613753465,0.0900748474901439,0.0001367400677228,2.939402227566647e-05,2.9394022275666477e-05,-0.10856853120360162,-0.09759073634284685,0.4989807596741991,1.1778276355267858,7.1674080816351,-0.0897549758079258,-0.10646061909038673,0.003469676267226981,1.0556639113323187,0.20600910366826775,8
2024,wheat,DEU,4.071453260649531e-06,6053.609,0.0811269044964697,4.540534550784122,0.0421797941743107,6.750081508868325e-05,4.071453260649531e-06,1.4951515452266838e-06,-0.10736358720077603,-0.0955337967488065,4.526843820661265,0.7626242387599379,3.2022446193850373,-0.11015334316709557,-0.11393618808532144,-0.09619383326431544,0.9960664912924906,0.19659543731896287,9
2024,wheat,USA,0.0,0.0,0.1022157190635451,7.218464779548571,0.0026455900929764,0.0001494302563971,2.027335237995827e-06,2.027335237995827e-06,-0.10856853120360162,-0.09759073634284685,5.774217510762304,1.7280066155455922,-0.07073600553938034,-0.08601635760239079,-0.11453963970601107,-0.09429270633164145,0.8663100186977528,0.17609984977753432,10
2024,wheat,BEL,0.0,0.0,0.0,5.426450773416862,0.0615302216110978,0.000165890082241,5.397381628291253e-05,5.397381628291253e-05,-0.10856853120360162,-0.09759073634284685,-0.27169835943007464,1.081993242273058,4.804239032989848,-0.08116717796138481,-0.09920432744503735,0.09127640357148657,0.6649099433064308,0.14428785000989772,11
2024,wheat,IRL,0.0,0.0,0.0046451133407655,5.379690094645491,0.0571041278665433,0.0001221928754449,1.7732541591670236e-05,1.7732541591670236e-05,-0.10856853120360162,-0.09759073634284685,0.0030535546890965936,1.0651362178713264,4.4378090160803705,-0.09404068024348854,-0.10990324781358675,-0.038188787350559604,0.6322133507108387,0.13912328393894427,12
2024,wheat,ESP,0.0,0.0,0.0476588628762541,5.505920256874848,0.0161838348031646,0.0001065201222539,4.69117758988058e-06,4.69117758988058e-06,-0.10856853120360162,-0.09759073634284685,2.5472562794326263,1.1106416506589611,1.0500760523123724,-0.09865798278441876,-0.11375323698038974,-0.08477662662387303,0.5255783585586037,0.12227983271889076,13
2024,wheat,MYS,0.0002512527289443,132919.87200000003,0.0227842809364548,5.012742026875547,0.0263238445074337,0.000371774291978,0.0002512527289443,2.587169641503857e-05,-0.034210445882808825,-0.052426248918638445,1.0759597793244615,0.9328530112307657,1.889553058864473,-0.02051225197799351,-0.04096489202395822,-0.00911317557562085,0.46764235438008506,0.1131285940816472,14
2024,wheat,LUX,9.666283161199182e-06,507.392,0.0092205499814195,5.5497690643230735,0.0365915756361802,0.0001250296268977,9.666283161199182e-06,1.5370467772084392e-06,-0.10570780085032162,-0.09741833097366966,0.27368419009647915,1.126448957921449,2.739603940809189,-0.09320495345500553,-0.11228451771523855,-0.09604417036604679,0.45438466443335435,0.11103448548369696,15
2024,wheat,YEM,7.187466247866137e-07,225.0,2.322556670382757e-05,2.41495749950104,0.0067122750635419,0.00100364654262,7.187466247866137e-07,0.0009672217063915,-0.10835581859715761,-0.09751428419526693,-0.27032459985947876,-0.003637183501037435,0.2659390692629092,0.16564172574865138,-0.11492595297692092,3.353684071606279,0.39881337843599723,0.10225676415563748,16
2024,wheat,IDN,1.1830700146384089e-08,43.0,0.0070837978446674,5.109952198235074,0.0269234744953034,9.671258621928114e-05,1.1830700146384089e-08,6.555040541714081e-07,-0.10856502991541826,-0.09757612548797602,0.14729830960166218,0.9678968616144628,1.9391955742009026,-0.10154735139126411,-0.1151346442343179,-0.09919331724115682,0.31654678464336183,0.08926240525318625,17
2024,wheat,SWE,0.0003776612780604,15463.141,0.0303558156819026,5.210215719156389,0.0027168638719204,0.0004737907017841,0.0003776612780604,7.096925034295254e-06,0.0032000838254530152,-0.0923365570638203,1.5238053993387128,1.004041431436424,-0.06483535057567015,0.009542494783716425,-0.0036473580128315365,-0.0761825428104625,0.2879484501151902,0.08474517650042984,18
2024,wheat,SGP,0.0,0.0,0.0051560758082497,5.261675384885808,0.0241204308026168,0.0001102439125695,7.710490894197103e-06,7.710490894197103e-06,-0.10856853120360162,-0.09759073634284685,0.03327626524220513,1.022592420508825,1.7071355666665309,-0.09756092815230825,-0.11286189436383463,-0.07399069327227177,0.2840539336353372,0.0841300210338223,19
2024,wheat,CAN,2.022789528559336e-06,53.33,0.0209262356001486,7.308670515789325,0.0025006677309008,0.0001559181431035,2.022789528559336e-06,5.67102023347561e-06,-0.10796988792922761,-0.09757261548493379,0.9660590136767929,1.7605253970718675,-0.0827339221337268,-0.08410498087045,-0.11454098166165953,-0.08127632162612283,0.26979821263031745,0.08187826917912205,20
